title,video_id,url,watched_at
Watched Mean hotel politics none soon guess mind.,UigcAGgFFtY,https://www.youtube.com/watch?v=ugpamsWbMuI,2024-05-23T09:35:08Z
Watched Trade task huge at play.,BEKkEkKvhtt,https://www.youtube.com/watch?v=klvhWqvNNSt,2024-08-05T05:10:08Z
Watched Weight begin seem floor easy prove.,iovStfoNVJa,https://www.youtube.com/watch?v=nRYRwfVUPIp,2024-07-31T19:12:51Z
Watched Room network often contain and reality.,ZguAfLBYAsR,https://www.youtube.com/watch?v=GyQHvOUKwKF,2024-12-08T19:45:38Z
Watched Your instead structure star face last nothing.,bPaTaxgTFek,https://www.youtube.com/watch?v=mijoCrsapME,2024-08-05T07:29:35Z
Watched Space task speech event politics general PM.,VJrsDSJzSeg,https://www.youtube.com/watch?v=NxIFYvspRWJ,2024-12-13T14:53:33Z
Watched Tough above field sense fight.,tnMAplXuBJZ,https://www.youtube.com/watch?v=wGaEuEJTUbO,2024-11-03T09:15:54Z
Watched Also surface writer help finally.,xAWHEGrxSGy,https://www.youtube.com/watch?v=iTUBeNoBRnn,2024-10-24T15:09:06Z
Watched Under opportunity whose Congress.,iQOuirobjar,https://www.youtube.com/watch?v=fcRuLBJxoWk,2024-07-19T16:23:48Z
Watched Will than stage avoid capital leader personal every.,huLSpmJEMfc,https://www.youtube.com/watch?v=KwmzqCKZnCx,2024-11-24T15:42:20Z
Watched Thought available none ball any three quality feel.,qlREDXgURza,https://www.youtube.com/watch?v=BDMnZOLIUaE,2024-12-02T19:29:37Z
Watched Worker much age area break former none.,bCrLRkvCRlT,https://www.youtube.com/watch?v=sCVniGBjLlD,2024-07-19T21:43:34Z
Watched Daughter company gas drop system.,ISRRoOuXnIm,https://www.youtube.com/watch?v=zBQxxRBcxxC,2024-08-04T16:30:21Z
Watched Loss pattern executive American brother structure full fight.,wfbQZcYxzYs,https://www.youtube.com/watch?v=lrtwHWZlDFT,2024-10-21T00:08:07Z
Watched Black nearly eight deep mouth.,YZgErmFHgad,https://www.youtube.com/watch?v=IjfqgcdnbOh,2024-06-26T06:19:37Z
